name_en,name_ru,mood_en,mood_ru,description_en,description_ru,object_type_en,object_type_ru,image_path
Andromeda Galaxy,Галактика Андромеды,"majestic, calm, magnetic","величественный, спокойный, притягательный",The Andromeda Galaxy is the nearest large galaxy to the Milky Way and one of the few galaxies visible to the naked eye. It is slowly moving toward us and will merge with the Milky Way in the distant future.,"Галактика Андромеды — ближайшая к Млечному Пути крупная галактика и одна из немногих галактик, видимых невооруженным глазом. В далеком будущем она сольется с Млечным Путем.",galaxy,галактика,data/curated_space_objects/images/andromeda_galaxy.jpg
Milky Way,Млечный Путь,"familiar, dreamy, infinite","знакомый, мечтательный, бесконечный","The Milky Way is our home galaxy, containing the Solar System and hundreds of billions of stars. From Earth, it appears as a pale glowing band across the night sky.","Млечный Путь — наша галактика, в которой находится Солнечная система и сотни миллиардов звезд. С Земли он виден как бледная светящаяся полоса на ночном небе.",galaxy,галактика,data/curated_space_objects/images/milky_way.jpg
Sombrero Galaxy,Галактика Сомбреро,"stylish, mysterious, elegant","стильный, загадочный, элегантный","The Sombrero Galaxy is famous for its bright central bulge and dark dust ring, which make it look like a wide-brimmed hat. It is one of the most recognizable edge-on galaxies.","Галактика Сомбреро известна ярким центральным утолщением и темным пылевым кольцом, из-за которых она похожа на широкополую шляпу. Это одна из самых узнаваемых галактик, видимых с ребра.",galaxy,галактика,data/curated_space_objects/images/sombrero_galaxy.jpg
Whirlpool Galaxy,Галактика Водоворот,"dramatic, social, magnetic","драматичный, общительный, притягательный",The Whirlpool Galaxy is a grand spiral galaxy interacting with a smaller companion galaxy. Its clear spiral arms make it one of the classic examples of a spiral galaxy.,"Галактика Водоворот — большая спиральная галактика, взаимодействующая с меньшей соседней галактикой. Ее четкие рукава делают ее классическим примером спиральной галактики.",galaxy,галактика,data/curated_space_objects/images/whirlpool_galaxy.jpg
Triangulum Galaxy,Галактика Треугольника,"soft, open, luminous","мягкий, открытый, сияющий",The Triangulum Galaxy is a nearby spiral galaxy and the third-largest member of the Local Group. It is smaller than Andromeda and the Milky Way but rich in star-forming regions.,"Галактика Треугольника — близкая спиральная галактика и третий по размеру член Местной группы. Она меньше Андромеды и Млечного Пути, но богата областями звездообразования.",galaxy,галактика,data/curated_space_objects/images/triangulum_galaxy.jpg
Pinwheel Galaxy,Галактика Вертушка,"playful, bright, structured","игривый, яркий, собранный",The Pinwheel Galaxy is a large face-on spiral galaxy in Ursa Major. Its open spiral arms are filled with bright star-forming regions.,"Галактика Вертушка — большая спиральная галактика в созвездии Большой Медведицы, повернутая к нам почти лицом. Ее раскрытые рукава заполнены яркими областями звездообразования.",galaxy,галактика,data/curated_space_objects/images/pinwheel_galaxy.jpg
Cigar Galaxy,Галактика Сигара,"restless, mysterious, intense","неугомонный, загадочный, интенсивный","The Cigar Galaxy is a starburst galaxy where stars are forming at an unusually high rate. Its smoky, turbulent shape comes from strong galactic winds and active star formation.","Галактика Сигара — галактика со вспышкой звездообразования, где новые звезды рождаются необычайно быстро. Ее дымчатый и бурный вид связан с мощными галактическими ветрами.",galaxy,галактика,data/curated_space_objects/images/cigar_galaxy.jpg
Sunflower Galaxy,Галактика Подсолнух,"warm, vibrant, generous","тёплый, живой, щедрый","The Sunflower Galaxy is a spiral galaxy with many short, patchy arms that give it a textured floral look. It contains hundreds of billions of stars.","Галактика Подсолнух — спиральная галактика с множеством коротких, неровных рукавов, из-за которых она напоминает цветок. В ней находятся сотни миллиардов звезд.",galaxy,галактика,data/curated_space_objects/images/sunflower_galaxy.jpg
Black Eye Galaxy,Галактика Черный Глаз,"moody, dramatic, sharp","мрачноватый, драматичный, резкий",The Black Eye Galaxy gets its name from a dark band of dust in front of its bright center. This dramatic feature makes the galaxy look as if it has a cosmic bruise.,Галактика Черный Глаз получила название из-за темной полосы пыли на фоне яркого центра. Эта деталь делает ее похожей на космический синяк.,galaxy,галактика,data/curated_space_objects/images/black_eye_galaxy.jpg
Needle Galaxy,Галактика-Игла,"delicate, precise, distant","деликатный, точный, отстранённый","The Needle Galaxy is a spiral galaxy seen almost perfectly edge-on. Its thin, bright disk and dark dust lane make it look like a long needle in space.","Галактика Игла — спиральная галактика, которую мы видим почти точно с ребра. Ее тонкий яркий диск и темная пылевая полоса делают ее похожей на длинную иглу в космосе.",galaxy,галактика,data/curated_space_objects/images/needle_galaxy.jpg
Sculptor Galaxy,Галактика Скульптор,"expansive, active, glowing","масштабный, активный, сияющий",The Sculptor Galaxy is a bright nearby spiral galaxy undergoing active star formation. It is one of the closest starburst galaxies to the Milky Way.,Галактика Скульптор — яркая близкая спиральная галактика с активным звездообразованием. Это одна из ближайших к Млечному Пути галактик со вспышкой рождения звезд.,galaxy,галактика,data/curated_space_objects/images/sculptor_galaxy.jpg
Centaurus A,Центавр A,"shadowy, powerful, unusual","теневой, мощный, необычный","Centaurus A is a giant galaxy crossed by a thick dark dust lane. It is also the nearest active radio galaxy, powered by a massive black hole at its center.","Центавр A — гигантская галактика, пересеченная толстой темной полосой пыли. Это ближайшая активная радиогалактика, энергию которой дает массивная черная дыра в центре.",galaxy,галактика,data/curated_space_objects/images/centaurus_a.jpg
Antennae Galaxies,Галактики Антенны,"chaotic, intertwined, explosive","хаотичный, переплетённый, взрывной",The Antennae Galaxies are two galaxies colliding and pulling long streams of stars and gas into space. Their interaction triggers intense bursts of new star formation.,"Галактики Антенны — две сталкивающиеся галактики, вытягивающие в космос длинные потоки звезд и газа. Их взаимодействие запускает мощные вспышки звездообразования.",galaxy,галактика,data/curated_space_objects/images/antennae_galaxies.jpg
Tadpole Galaxy,Галактика Головастик,"odd, playful, whimsical","чудаковатый, игривый, затейливый",The Tadpole Galaxy is a distorted galaxy with a long tail of stars stretching far behind it. Its unusual shape was created by a gravitational encounter with another galaxy.,"Галактика Головастик — искаженная галактика с длинным хвостом звезд, тянущимся далеко позади нее. Такая необычная форма появилась после гравитационной встречи с другой галактикой.",galaxy,галактика,data/curated_space_objects/images/tadpole_galaxy.jpg
Hoag's Object,Объект Хога,"perfect, rare, detached","идеальный, редкий, отстраненный",Hoag’s Object is a rare ring galaxy with a bright circular ring of young stars around a yellow core. Its nearly perfect shape makes it one of the strangest known galaxies.,Объект Хога — редкая кольцевая галактика с ярким кругом молодых звезд вокруг желтого ядра. Почти идеальная форма делает ее одной из самых необычных известных галактик.,galaxy,галактика,data/curated_space_objects/images/hoag_s_object.jpg
Mice Galaxies,Галактики Мыши,"mischievous, inseparable, wild","озорной, неразлучный, дикий",The Mice Galaxies are two colliding galaxies with long tidal tails that resemble the tails of mice. Their shapes are being stretched by gravity as they merge.,"Галактики Мыши — пара сталкивающихся галактик с длинными приливными хвостами, похожими на мышиные. Их формы растягиваются гравитацией во время слияния.",galaxy,галактика,data/curated_space_objects/images/mice_galaxies.jpg
Fireworks Galaxy,Галактика Фейерверк,"sparkling, energetic, festive","искрящийся, энергичный, праздничный","The Fireworks Galaxy is a spiral galaxy known for frequent supernova explosions. Its bright star-forming regions give it a sparkling, energetic appearance.","Галактика Фейерверк — спиральная галактика, известная частыми вспышками сверхновых. Яркие области звездообразования придают ей искрящийся и энергичный вид.",galaxy,галактика,data/curated_space_objects/images/fireworks_galaxy.jpg
Southern Pinwheel Galaxy,Южная Галактика Вертушка,"warm, open, expressive","теплый, открытый, выразительный",The Southern Pinwheel Galaxy is a bright barred spiral galaxy in the southern sky. Its wide spiral arms contain many young stars and glowing gas clouds.,Южная Галактика Вертушка — яркая спиральная галактика с перемычкой в южном небе. Ее широкие рукава содержат множество молодых звезд и светящихся газовых облаков.,galaxy,галактика,data/curated_space_objects/images/southern_pinwheel_galaxy.jpg
Orion Nebula,Туманность Ориона,"creative, young, energetic","творческий, молодой, энергичный",The Orion Nebula is a vast stellar nursery where new stars are forming inside glowing gas and dust. It is one of the brightest nebulae visible from Earth.,"Туманность Ориона — огромные звездные ясли, где новые звезды рождаются внутри светящегося газа и пыли. Это одна из самых ярких туманностей, видимых с Земли.",nebula,туманность,data/curated_space_objects/images/orion_nebula.jpg
Crab Nebula,Крабовидная туманность,"electric, intense, restless","электрический, интенсивный, неугомонный",The Crab Nebula is the expanding remnant of a supernova observed in 1054. At its center is a rapidly spinning neutron star called the Crab Pulsar.,"Крабовидная туманность — расширяющийся остаток сверхновой, вспышку которой наблюдали в 1054 году. В ее центре находится быстро вращающаяся нейтронная звезда — пульсар Крабовидной туманности.",supernova remnant,остаток сверхновой,data/curated_space_objects/images/crab_nebula.jpg
Eagle Nebula,Туманность Орла,"grand, iconic, powerful","грандиозный, культовый, мощный",The Eagle Nebula is a star-forming region best known for the Pillars of Creation. Its clouds of gas and dust are sculpted by young massive stars.,"Туманность Орла — область звездообразования, наиболее известная Столпами творения. Ее облака газа и пыли формируются под воздействием молодых массивных звезд.",nebula,туманность,data/curated_space_objects/images/eagle_nebula.jpg
Pillars of Creation,Столпы Творения,"legendary, monumental, dramatic","легендарный, монументальный, драматичный","The Pillars of Creation are towering columns of gas and dust inside the Eagle Nebula. New stars are forming within these dark, dramatic structures.",Столпы творения — гигантские колонны газа и пыли внутри Туманности Орла. В этих темных и драматичных структурах рождаются новые звезды.,nebula,туманность,data/curated_space_objects/images/pillars_of_creation.jpg
Horsehead Nebula,Туманность Конская Голова,"dark, recognizable, reserved","тёмный, узнаваемый, сдержанный","The Horsehead Nebula is a small dark nebula in Orion, famous for its silhouette shaped like a horse’s head. It stands out against a glowing red background of hydrogen gas.","Туманность Конская Голова — небольшая темная туманность в Орионе, известная силуэтом, похожим на голову лошади. Она выделяется на фоне красного свечения водородного газа.",dark nebula,темная туманность,data/curated_space_objects/images/horsehead_nebula.jpg
Helix Nebula,Туманность Улитка,"watchful, mystical, soft","наблюдательный, мистический, мягкий",The Helix Nebula is a planetary nebula formed by a dying Sun-like star. Its eye-like shape has made it one of the most famous nebulae in the sky.,"Туманность Улитка — планетарная туманность, образованная умирающей звездой, похожей на Солнце. Ее форма, напоминающая глаз, сделала ее одной из самых известных туманностей.",planetary nebula,планетарная туманность,data/curated_space_objects/images/helix_nebula.jpg
Ring Nebula,Туманность Кольцо,"elegant, glowing, focused","элегантный, сияющий, сосредоточенный","The Ring Nebula is a glowing shell of gas shed by a dying star. Through a telescope, it appears as a bright cosmic ring.","Туманность Кольцо — светящаяся оболочка газа, сброшенная умирающей звездой. В телескоп она выглядит как яркое космическое кольцо.",planetary nebula,планетарная туманность,data/curated_space_objects/images/ring_nebula.jpg
Carina Nebula,Туманность Киля,"stormy, grand, radiant","бурный, грандиозный, сияющий","The Carina Nebula is a huge star-forming region filled with massive stars, dark dust, and glowing gas. It is one of the most spectacular nebulae in the Milky Way.","Туманность Киля — огромная область звездообразования, наполненная массивными звездами, темной пылью и светящимся газом. Это одна из самых впечатляющих туманностей Млечного Пути.",nebula,туманность,data/curated_space_objects/images/carina_nebula.jpg
Tarantula Nebula,Туманность Тарантул,"wild, immense, explosive","дикий, огромный по масштабу, взрывной",The Tarantula Nebula is one of the most active star-forming regions in the nearby universe. It contains some of the most massive known stars.,Туманность Тарантул — одна из самых активных областей звездообразования в ближайшей Вселенной. В ней находятся одни из самых массивных известных звезд.,nebula,туманность,data/curated_space_objects/images/tarantula_nebula.jpg
Lagoon Nebula,Туманность Лагуна,"warm, dreamy, glowing","теплый, мечтательный, сияющий",The Lagoon Nebula is a bright cloud of gas and dust where young stars are forming. Its warm glow makes it a favorite target for sky observers.,"Туманность Лагуна — яркое облако газа и пыли, где формируются молодые звезды. Ее теплое свечение делает ее любимым объектом для наблюдений.",nebula,туманность,data/curated_space_objects/images/lagoon_nebula.jpg
Trifid Nebula,Трехраздельная туманность,"layered, colorful, complex","многослойный, красочный, сложный","The Trifid Nebula combines glowing emission gas, blue reflection light, and dark dust lanes. These features divide it into a striking three-part pattern.","Трехраздельная туманность сочетает светящийся газ, голубое отраженное сияние и темные полосы пыли. Эти детали делят ее на выразительный узор из трех частей.",nebula,туманность,data/curated_space_objects/images/trifid_nebula.jpg
Rosette Nebula,Туманность Розетка,"romantic, radiant, tender","романтичный, яркий, нежный",The Rosette Nebula is a large flower-shaped cloud of gas surrounding a cluster of young stars. Their radiation lights up the nebula and carves its central cavity.,Туманность Розетка — большое облако газа в форме цветка вокруг скопления молодых звезд. Их излучение подсвечивает туманность и выдувает полость в ее центре.,nebula,туманность,data/curated_space_objects/images/rosette_nebula.jpg
Cat's Eye Nebula,Туманность Кошачий Глаз,"sharp, hypnotic, strange","резкий, гипнотический, странный",The Cat’s Eye Nebula is a planetary nebula with intricate shells and loops of glowing gas. Its complex structure was created by a dying star shedding its outer layers.,"Туманность Кошачий Глаз — планетарная туманность со сложными оболочками и петлями светящегося газа. Ее необычная структура появилась, когда умирающая звезда сбрасывала внешние слои.",planetary nebula,планетарная туманность,data/curated_space_objects/images/cats_eye_nebula.jpg
Omega Nebula,Туманность Омега,"warm, active, theatrical","теплый, активный, театральный",The Omega Nebula is a bright star-forming region also known as the Swan Nebula. Its glowing gas clouds are shaped by hot young stars.,"Туманность Омега, также известная как Лебедь, — яркая область звездообразования. Ее светящиеся газовые облака формируются горячими молодыми звездами.",nebula,туманность,data/curated_space_objects/images/omega_nebula.jpg
Veil Nebula,Туманность Вуаль,"delicate, ghostly, elegant","деликатный, призрачный, элегантный",The Veil Nebula is a delicate network of filaments left behind by an ancient supernova. Its glowing strands mark the shock wave moving through interstellar gas.,"Туманность Вуаль — тонкая сеть нитей, оставшаяся после древней сверхновой. Ее светящиеся волокна отмечают ударную волну, проходящую через межзвездный газ.",supernova remnant,остаток сверхновой,data/curated_space_objects/images/veil_nebula.jpg
North America Nebula,Туманность Северная Америка,"expansive, bright, recognizable","масштабный, яркий, узнаваемый",The North America Nebula is a large emission nebula whose outline resembles the continent of North America. It glows red from ionized hydrogen gas.,"Туманность Северная Америка — большая эмиссионная туманность, очертания которой напоминают континент Северная Америка. Она светится красным благодаря ионизированному водороду.",nebula,туманность,data/curated_space_objects/images/north_america_nebula.jpg
Butterfly Nebula,Туманность Бабочка,"symmetric, fiery, graceful","симметричный, огненный, грациозный",The Butterfly Nebula is a planetary nebula with two bright lobes spreading from a dying star. Its shape looks like cosmic wings made of hot gas.,"Туманность Бабочка — планетарная туманность с двумя яркими лопастями, расходящимися от умирающей звезды. Ее форма похожа на космические крылья из горячего газа.",planetary nebula,планетарная туманность,data/curated_space_objects/images/butterfly_nebula.jpg
Eskimo Nebula,Туманность Эскимос,"quirky, bright, eccentric","причудливый, яркий, эксцентричный",The Eskimo Nebula is a planetary nebula with a bright inner shell and a fuzzy outer halo. It was formed when a Sun-like star began shedding its atmosphere.,"Эскимосская туманность — планетарная туманность с яркой внутренней оболочкой и пушистым внешним ореолом. Она возникла, когда звезда, похожая на Солнце, начала сбрасывать атмосферу.",planetary nebula,планетарная туманность,data/curated_space_objects/images/eskimo_nebula.jpg
Dumbbell Nebula,Туманность Гантель,"soft, balanced, glowing","мягкий, уравновешенный, сияющий",The Dumbbell Nebula is one of the brightest planetary nebulae in the sky. It is the expanding shell of gas from a dying star.,"Туманность Гантель — одна из самых ярких планетарных туманностей на небе. Это расширяющаяся оболочка газа, сброшенная умирающей звездой.",planetary nebula,планетарная туманность,data/curated_space_objects/images/dumbbell_nebula.jpg
Little Dumbbell Nebula,Туманность Маленькая Гантель,"unusual, bright, focused","необычный, яркий, сосредоточенный","The Little Dumbbell Nebula is a compact planetary nebula with a pinched, hourglass-like shape. It shows the late stages of a star similar to the Sun.","Туманность Маленькая Гантель — компактная планетарная туманность с перетянутой формой, напоминающей песочные часы. Она показывает позднюю стадию жизни звезды, похожей на Солнце.",planetary nebula,планетарная туманность,data/curated_space_objects/images/little_dumbbell_nebula.jpg
Flame Nebula,Туманность Пламя,"fiery, warm, dramatic","огненный, теплый, драматичный",The Flame Nebula is a glowing cloud of gas and dust near the bright star Alnitak in Orion. Dark dust lanes give it the appearance of cosmic flames.,Пламенная туманность — светящееся облако газа и пыли рядом с яркой звездой Альнитак в Орионе. Темные полосы пыли придают ей вид космического пламени.,nebula,туманность,data/curated_space_objects/images/flame_nebula.jpg
California Nebula,Туманность Калифорния,"open, warm, relaxed","открытый, тёплый, расслабленный",The California Nebula is a long red emission nebula shaped somewhat like the state of California. Its glow comes from hydrogen gas energized by a nearby hot star.,"Калифорнийская туманность — длинная красная эмиссионная туманность, по форме напоминающая штат Калифорния. Ее свечение создается водородным газом, возбужденным горячей соседней звездой.",nebula,туманность,data/curated_space_objects/images/california_nebula.jpg
Cone Nebula,Туманность Конус,"pointed, dark, focused","пронзительный, мрачный, сосредоточенный",The Cone Nebula is a dark pillar of gas and dust inside a bright star-forming region. Its sharp outline is shaped by radiation from nearby young stars.,Туманность Конус — темный столб газа и пыли внутри яркой области звездообразования. Его резкие очертания сформированы излучением молодых соседних звезд.,nebula,туманность,data/curated_space_objects/images/cone_nebula.jpg
Witch Head Nebula,Туманность Голова Ведьмы,"ghostly, eerie, poetic","призрачный, жутковатый, поэтичный",The Witch Head Nebula is a faint reflection nebula whose shape resembles a witch’s profile. It shines by reflecting blue light from nearby stars.,"Туманность Голова Ведьмы — слабая отражательная туманность, форма которой напоминает профиль ведьмы. Она светится, отражая голубой свет соседних звезд.",reflection nebula,отражательная туманность,data/curated_space_objects/images/witch_head_nebula.jpg
Iris Nebula,Туманность Ирис,"serene, delicate, elegant","безмятежный, деликатный, элегантный",The Iris Nebula is a bright reflection nebula surrounded by dark dust. Its blue glow comes from starlight scattered by fine dust grains.,"Туманность Ирис — яркая отражательная туманность, окруженная темной пылью. Ее голубое сияние возникает, когда звездный свет рассеивается на мелких пылинках.",reflection nebula,отражательная туманность,data/curated_space_objects/images/iris_nebula.jpg
Heart Nebula,Туманность Сердце,"warm, sincere, glowing","тёплый, искренний, светлый",The Heart Nebula is a large red emission nebula shaped like a cosmic heart. Young stars inside it light up the surrounding hydrogen gas.,"Туманность Сердце — большая красная эмиссионная туманность, похожая на космическое сердце. Молодые звезды внутри нее подсвечивают окружающий водородный газ.",nebula,туманность,data/curated_space_objects/images/heart_nebula.jpg
Soul Nebula,Туманность Души,"deep, warm, emotional","глубокий, теплый, эмоциональный",The Soul Nebula is a vast star-forming region often paired with the nearby Heart Nebula. Its glowing clouds contain many young stars and clusters.,"Туманность Души — огромная область звездообразования, которую часто рассматривают вместе с соседней Туманностью Сердце. Ее светящиеся облака содержат множество молодых звезд и скоплений.",nebula,туманность,data/curated_space_objects/images/soul_nebula.jpg
Bubble Nebula,Туманность Пузырь,"light, playful, fragile","легкий, игривый, хрупкий",The Bubble Nebula is a round shell of gas blown by the wind of a massive young star. It looks like a fragile bubble floating in space.,"Туманность Пузырь — круглая оболочка газа, выдутая ветром массивной молодой звезды. Она выглядит как хрупкий пузырь, парящий в космосе.",nebula,туманность,data/curated_space_objects/images/bubble_nebula.jpg
Elephant's Trunk Nebula,Туманность Слоновий Хобот,"grounded, patient, strong","устойчивый, терпеливый, сильный",The Elephant’s Trunk Nebula is a long dark cloud of gas and dust inside a bright star-forming region. Its shape resembles the trunk of an elephant.,Туманность Слоновий Хобот — длинное темное облако газа и пыли внутри яркой области звездообразования. По форме оно напоминает хобот слона.,nebula,туманность,data/curated_space_objects/images/elephants_trunk_nebula.jpg
Seagull Nebula,Туманность Чайка,"airy, light, free","воздушный, лёгкий, свободный",The Seagull Nebula is a wide region of glowing gas and dust whose outline resembles a flying bird. It contains several young star clusters.,"Туманность Чайка — широкая область светящегося газа и пыли, очертания которой напоминают летящую птицу. В ней находятся несколько молодых звездных скоплений.",nebula,туманность,data/curated_space_objects/images/seagull_nebula.jpg
Monkey Head Nebula,Туманность Голова Обезьяны,"funny, warm, expressive","забавный, теплый, выразительный","The Monkey Head Nebula is a bright star-forming cloud with a playful, face-like shape. Hot young stars make its gas glow.","Туманность Голова Обезьяны — яркое облако звездообразования с забавной формой, напоминающей лицо. Горячие молодые звезды заставляют ее газ светиться.",nebula,туманность,data/curated_space_objects/images/monkey_head_nebula.jpg
Thor's Helmet,Шлем Тора,"heroic, bold, windy","героический, смелый, ветреный","Thor’s Helmet is a bubble-shaped nebula blown by a powerful, massive star. Its wing-like arcs make it look like a mythological helmet.","Шлем Тора — пузыреобразная туманность, выдутая мощной массивной звездой. Ее дуги, похожие на крылья, напоминают мифологический шлем.",nebula,туманность,data/curated_space_objects/images/thors_helmet.jpg
Crescent Nebula,Туманность Полумесяц,"fierce, luminous, graceful","яростный, светящийся, изящный","The Crescent Nebula is a glowing shell of gas around a hot, massive star. Stellar winds have shaped it into a curved, bright arc.",Туманность Полумесяц — светящаяся оболочка газа вокруг горячей массивной звезды. Звездные ветры придали ей форму яркой изогнутой дуги.,nebula,туманность,data/curated_space_objects/images/crescent_nebula.jpg
Pleiades,Плеяды,"sparkling, social, youthful","искрящийся, общительный, юный",The Pleiades are a bright open star cluster also known as the Seven Sisters. Its young blue stars are surrounded by faint reflection nebulosity.,"Плеяды — яркое рассеянное звездное скопление, также известное как Семь Сестер. Его молодые голубые звезды окружены слабым отраженным свечением.",star cluster,звездное скопление,data/curated_space_objects/images/pleiades.jpg
Hyades,Гиады,"wise, warm, steady","мудрый, теплый, устойчивый",The Hyades are the nearest open star cluster to Earth and form the V-shaped face of Taurus. Its stars are older and warmer-looking than the Pleiades.,"Гиады — ближайшее к Земле рассеянное звездное скопление, образующее V-образное лицо Тельца. Его звезды старше и выглядят теплее, чем звезды Плеяд.",star cluster,звездное скопление,data/curated_space_objects/images/hyades.jpg
Omega Centauri,Омега Центавра,"profound, ancient, wise","глубокий, древний, мудрый",Omega Centauri is the largest and brightest globular cluster in the Milky Way. It contains millions of ancient stars packed into a dense sphere.,"Омега Центавра — самое большое и яркое шаровое скопление Млечного Пути. Оно содержит миллионы древних звезд, собранных в плотную сферу.",globular cluster,шаровое скопление,data/curated_space_objects/images/omega_centauri.jpg
47 Tucanae,47 Тукана,"concentrated, warm, old-soul","собранный, тёплый, мудрый не по годам",47 Tucanae is a massive globular cluster near the Small Magellanic Cloud. Its dense golden core contains hundreds of thousands of old stars.,47 Тукана — массивное шаровое скопление рядом с Малым Магеллановым Облаком. Его плотное золотистое ядро содержит сотни тысяч старых звезд.,globular cluster,шаровое скопление,data/curated_space_objects/images/47_tucanae.jpg
Hercules Globular Cluster,Шаровое скопление Геркулеса,"deep, bright, wise","глубокий, яркий, мудрый",The Hercules Globular Cluster is a bright sphere of ancient stars in the constellation Hercules. It is one of the best-known globular clusters in the northern sky.,Шаровое скопление Геркулеса — яркая сфера древних звезд в созвездии Геркулеса. Это одно из самых известных шаровых скоплений северного неба.,globular cluster,шаровое скопление,data/curated_space_objects/images/hercules_globular_cluster.jpg
Beehive Cluster,Скопление Улей,"social, bright, friendly","общительный, яркий, дружелюбный",The Beehive Cluster is a nearby open cluster visible to the naked eye under dark skies. Its many stars resemble a swarm of bees.,"Скопление Ясли — близкое рассеянное скопление, видимое невооруженным глазом на темном небе. Множество его звезд напоминает рой пчел.",open cluster,рассеянное скопление,data/curated_space_objects/images/beehive_cluster.jpg
Jewel Box Cluster,Скопление Шкатулка Драгоценностей,"colorful, bright, refined","яркий, сияющий, изысканный","The Jewel Box Cluster is a small open cluster famous for its colorful stars. Through a telescope, it looks like a tiny box of gemstones.","Скопление Шкатулка Драгоценностей — небольшое рассеянное скопление, известное разноцветными звездами. В телескоп оно похоже на маленькую шкатулку с камнями.",open cluster,рассеянное скопление,data/curated_space_objects/images/jewel_box_cluster.jpg
Quintuplet Cluster,Скопление Квинтуплет,"rare, energetic, intense","редкий, энергичный, интенсивный",The Quintuplet Cluster is a dense group of young massive stars near the center of the Milky Way. It contains some of the most luminous stars in our galaxy.,Скопление Квинтуплет — плотная группа молодых массивных звезд рядом с центром Млечного Пути. В нем находятся одни из самых ярких звезд нашей галактики.,star cluster,звездное скопление,data/curated_space_objects/images/quintuplet_cluster.jpg
Arches Cluster,Скопление Арки,"powerful, young, bold","мощный, молодой, дерзкий",The Arches Cluster is one of the densest young star clusters in the Milky Way. Its massive stars lie close to the galactic center.,Скопление Арки — одно из самых плотных молодых звездных скоплений Млечного Пути. Его массивные звезды находятся рядом с центром галактики.,star cluster,звездное скопление,data/curated_space_objects/images/arches_cluster.jpg
Saturn,Сатурн,"elegant, distinguished, calm","элегантный, выдающийся, спокойный",Saturn is a gas giant best known for its spectacular ring system. Its pale golden disk and icy rings make it one of the most elegant planets.,"Сатурн — газовый гигант, знаменитый своей великолепной системой колец. Его бледно-золотой диск и ледяные кольца делают его одной из самых элегантных планет.",planet,планета,data/curated_space_objects/images/saturn.jpg
Jupiter,Юпитер,"grand, confident, stormy","грандиозный, уверенный, бурный",Jupiter is the largest planet in the Solar System and a world of powerful storms. Its Great Red Spot is a giant storm larger than Earth.,Юпитер — крупнейшая планета Солнечной системы и мир мощных бурь. Его Большое Красное Пятно — гигантский шторм больше Земли.,planet,планета,data/curated_space_objects/images/jupiter.jpg
Mars,Марс,"bold, rugged, adventurous","смелый, закалённый, авантюрный","Mars is the fourth planet from the Sun, known as the Red Planet because of its rusty surface. It has giant volcanoes, deep canyons, and signs of ancient water.","Марс — четвертая планета от Солнца, известная как Красная планета из-за ржавого цвета поверхности. На нем есть гигантские вулканы, глубокие каньоны и следы древней воды.",planet,планета,data/curated_space_objects/images/mars.jpg
Venus,Венера,"bright, mysterious, intense","яркий, загадочный, интенсивный",Venus is a bright rocky planet covered by thick clouds. Beneath them is a scorching surface with extreme pressure and volcanic landscapes.,"Венера — яркая каменистая планета, скрытая плотными облаками. Под ними находится раскаленная поверхность с огромным давлением и вулканическими ландшафтами.",planet,планета,data/curated_space_objects/images/venus.jpg
Neptune,Нептун,"deep, dreamy, distant","глубокий, мечтательный, далёкий",Neptune is a distant ice giant with deep blue color and supersonic winds. It is the outermost major planet in the Solar System.,Нептун — далекий ледяной гигант глубокого синего цвета со сверхзвуковыми ветрами. Это самая дальняя большая планета Солнечной системы.,planet,планета,data/curated_space_objects/images/neptune.jpg
Uranus,Уран,"unusual, quiet, detached","необычный, тихий, отстранённый","Uranus is an ice giant that rotates on its side, making it one of the strangest planets. Its pale blue color comes from methane in the atmosphere.","Уран — ледяной гигант, вращающийся почти на боку, что делает его одной из самых странных планет. Его бледно-голубой цвет связан с метаном в атмосфере.",planet,планета,data/curated_space_objects/images/uranus.jpg
Mercury,Меркурий,"quick, sharp, restless","быстрый, острый, неугомонный",Mercury is the smallest planet and the closest one to the Sun. Its cratered surface experiences extreme temperature changes.,Меркурий — самая маленькая планета и ближайшая к Солнцу. Его покрытая кратерами поверхность переживает резкие перепады температур.,planet,планета,data/curated_space_objects/images/mercury.jpg
Earth,Земля,"vibrant, balanced, grounded","живой, гармоничный, устойчивый",Earth is the only known planet with life and liquid water on its surface. Its blue oceans and white clouds make it instantly recognizable from space.,Земля — единственная известная планета с жизнью и жидкой водой на поверхности. Синие океаны и белые облака делают ее легко узнаваемой из космоса.,planet,планета,data/curated_space_objects/images/earth.jpg
Europa,Европа,"icy, secretive, full of potential","ледяной, скрытный, полный потенциала",Europa is an icy moon of Jupiter with a hidden ocean beneath its cracked surface. It is one of the most promising places to search for life beyond Earth.,Европа — ледяной спутник Юпитера со скрытым океаном под растрескавшейся поверхностью. Это одно из самых перспективных мест для поиска жизни за пределами Земли.,moon,спутник,data/curated_space_objects/images/europa.jpg
Titan,Титан,"hazy, alien, complex","туманный, инопланетный, сложный",Titan is Saturn’s largest moon and the only moon with a thick atmosphere. It has lakes and rivers of liquid methane on its surface.,Титан — крупнейший спутник Сатурна и единственный спутник с плотной атмосферой. На его поверхности есть озера и реки из жидкого метана.,moon,спутник,data/curated_space_objects/images/titan.jpg
Io,Ио,"explosive, intense, vivid","взрывной, интенсивный, яркий",Io is Jupiter’s volcanic moon and the most geologically active body in the Solar System. Its colorful surface is constantly reshaped by eruptions.,Ио — вулканический спутник Юпитера и самое геологически активное тело Солнечной системы. Его красочная поверхность постоянно меняется из-за извержений.,moon,спутник,data/curated_space_objects/images/io.jpg
Ganymede,Ганимед,"calm, wise, ancient","спокойный, мудрый, древний","Ganymede is the largest moon in the Solar System, even bigger than Mercury. It has an icy surface and may hide a salty ocean underground.","Ганимед — крупнейший спутник Солнечной системы, больше Меркурия. У него ледяная поверхность, а под ней может скрываться соленый океан.",moon,спутник,data/curated_space_objects/images/ganymede.jpg
Enceladus,Энцелад,"cool, pure, unexpected","прохладный, чистый, непредсказуемый",Enceladus is a small icy moon of Saturn that sprays water vapor from cracks near its south pole. These geysers hint at a hidden ocean below the ice.,"Энцелад — небольшой ледяной спутник Сатурна, выбрасывающий водяной пар из трещин у южного полюса. Эти гейзеры указывают на скрытый океан подо льдом.",moon,спутник,data/curated_space_objects/images/enceladus.jpg
Callisto,Каллисто,"timeworn, calm, resilient","отмеченный временем, спокойный, стойкий",Callisto is a heavily cratered moon of Jupiter and one of the oldest-looking worlds in the Solar System. Its surface records billions of years of impacts.,Каллисто — сильно покрытый кратерами спутник Юпитера и один из самых древних на вид миров Солнечной системы. Его поверхность хранит следы миллиардов лет столкновений.,moon,спутник,data/curated_space_objects/images/callisto.jpg
Charon,Харон,"devoted, distant, loyal","преданный, далёкий, верный","Charon is Pluto’s largest moon and is so big that Pluto and Charon orbit a point between them. Its surface shows cliffs, canyons, and a dark polar cap.","Харон — крупнейший спутник Плутона, настолько большой, что Плутон и Харон вращаются вокруг точки между ними. На его поверхности видны обрывы, каньоны и темная полярная область.",moon,спутник,data/curated_space_objects/images/charon.jpg
Pluto,Плутон,"underrated, dramatic, beloved","недооценённый, драматичный, любимый","Pluto is a distant dwarf planet with icy mountains and a famous heart-shaped plain. Though small, it is one of the most beloved worlds in the Solar System.","Плутон — далекая карликовая планета с ледяными горами и знаменитой равниной в форме сердца. Несмотря на малый размер, это один из самых любимых миров Солнечной системы.",minor planet,малая планета,data/curated_space_objects/images/pluto.jpg
Ceres,Церера,"calm, hidden, gentle","спокойный, скрытый, мягкий",Ceres is the largest object in the asteroid belt and the only dwarf planet in the inner Solar System. Bright salt deposits mark parts of its surface.,Церера — крупнейший объект пояса астероидов и единственная карликовая планета во внутренней Солнечной системе. На ее поверхности заметны яркие соляные отложения.,dwarf planet,карликовая планета,data/curated_space_objects/images/ceres.jpg
Vesta,Веста,"bright, resilient, determined","яркий, стойкий, решительный",Vesta is one of the largest asteroids and has a surface shaped by huge impacts. A massive crater near its south pole reveals its rocky interior.,"Веста — один из крупнейших астероидов, поверхность которого сформирована мощными столкновениями. Огромный кратер у южного полюса раскрывает ее каменное строение.",asteroid,астероид,data/curated_space_objects/images/vesta.jpg
Bennu,Бенну,"dark, ancient, unpredictable","темный, древний, непредсказуемый","Bennu is a dark, carbon-rich asteroid visited by NASA’s OSIRIS-REx mission. Material collected from Bennu may preserve clues from the early Solar System.","Бенну — темный богатый углеродом астероид, который исследовала миссия NASA OSIRIS-REx. Образцы с Бенну могут хранить следы ранней истории Солнечной системы.",asteroid,астероид,data/curated_space_objects/images/bennu.jpg
Arrokoth,Аррокот,"soft, distant, unusual","мягкий, отстранённый, необычный","Arrokoth is a distant icy object beyond Neptune, shaped like two lobes gently stuck together. It preserves a primitive form from the early Solar System.","Аррокот — далекий ледяной объект за орбитой Нептуна, похожий на две мягко соединенные доли. Он сохраняет древнюю форму времен ранней Солнечной системы.",trans-Neptunian object,транснептуновый объект,data/curated_space_objects/images/arrokoth.jpg
Quasar 3C 273,Квазар 3С 273,"brilliant, distant, extreme","сияющий, отстранённый, экстремальный",3C 273 is one of the brightest known quasars and was the first quasar ever identified. Its enormous energy comes from a supermassive black hole feeding at its center.,"3C 273 — один из самых ярких известных квазаров и первый обнаруженный квазар. Его огромная энергия исходит от сверхмассивной черной дыры, поглощающей вещество в центре.",quasar,квазар,data/curated_space_objects/images/quasar_3c_273.jpg
Einstein Cross,Крест Эйнштейна,"rare, reflective, cosmic","редкий, отражающий, космический",The Einstein Cross is a quasar whose light is split into four images by the gravity of a foreground galaxy. It is a striking example of gravitational lensing.,"Крест Эйнштейна — квазар, свет которого гравитация передней галактики разделила на четыре изображения. Это яркий пример гравитационного линзирования.",gravitational lens,гравитационная линза,data/curated_space_objects/images/einstein_cross.jpg
Vela Pulsar,Пульсар Вела,"fast, energetic, focused","быстрый, энергичный, сфокусированный",The Vela Pulsar is a rapidly spinning neutron star left behind by a supernova. It sends out beams of radiation like a cosmic lighthouse.,"Пульсар Вела — быстро вращающаяся нейтронная звезда, оставшаяся после сверхновой. Он испускает пучки излучения, словно космический маяк.",pulsar,пульсар,data/curated_space_objects/images/vela_pulsar.jpg
Crab Pulsar,Пульсар Крабовидной туманности,"restless, energetic, remarkable","неугомонный, энергичный, выдающийся",The Crab Pulsar is the energetic neutron star at the center of the Crab Nebula. It spins about 30 times per second and powers the nebula’s glow.,Пульсар Крабовидной туманности — энергичная нейтронная звезда в центре Крабовидной туманности. Он вращается около 30 раз в секунду и поддерживает свечение туманности.,pulsar,пульсар,data/curated_space_objects/images/crab_pulsar.jpg
Tycho's Supernova,Сверхновая Тихо,"legendary, explosive, sharp","легендарный, взрывной, резкий",Tycho’s Supernova is the remnant of a stellar explosion observed in 1572. Its expanding shell still glows in X-rays and visible light.,"Сверхновая Тихо — остаток звездного взрыва, наблюдавшегося в 1572 году. Ее расширяющаяся оболочка до сих пор светится в рентгеновском и видимом диапазонах.",supernova remnant,остаток сверхновой,data/curated_space_objects/images/tycho_s_supernova.jpg
Kepler's Supernova,Сверхновая Кеплера,"legendary, fiery, evolving","легендарный, огненный, развивающийся",Kepler’s Supernova is the remnant of a supernova seen in 1604. It is one of the last supernovae observed in our galaxy with the naked eye.,"Сверхновая Кеплера — остаток сверхновой, вспышку которой видели в 1604 году. Это одна из последних сверхновых в нашей галактике, наблюдавшихся невооруженным глазом.",supernova remnant,остаток сверхновой,data/curated_space_objects/images/kepler_s_supernova.jpg
Cassiopeia A,Кассиопея А,"young, loud, colorful","молодой, громкий, красочный",Cassiopeia A is a young supernova remnant and one of the strongest radio sources in the sky. Its colorful debris is still racing outward from the explosion.,Кассиопея A — молодой остаток сверхновой и один из самых мощных радиоисточников на небе. Его красочные обломки все еще разлетаются после взрыва.,supernova remnant,остаток сверхновой,data/curated_space_objects/images/cassiopeia_a.jpg
Barnard 68,Барнард 68,"silent, dark, minimal","безмолвный, темный, минималистичный","Barnard 68 is a small dark nebula that blocks the light of stars behind it. It looks like a quiet black hole in the sky, but it is actually a cold cloud of dust and gas.","Барнард 68 — небольшая темная туманность, закрывающая свет звезд за собой. Она выглядит как тихая черная дыра на небе, но на самом деле это холодное облако пыли и газа.",dark nebula,темная туманность,data/curated_space_objects/images/barnard_68.jpg